1999,1,Sentiment140,- finally catching the new episode of college hill. 
2000,1,Sentiment140, finally finished. now i can sleep peacefully!
2001,1,Sentiment140, Finally Friday!
2002,1,Sentiment140,- Finally got twitter.... trynna see what the hype is about 
2003,0,Sentiment140, fine i just wanted to share with u the greatness of baby soup. and how it contributes to a cannibal society! 
2004,0,Sentiment140, fine. I'll watch it. I am so f**king rad.
2005,0,Sentiment140,"- finished watching FRIENDS  so sad, WHY WHYYYYYY DID IT HAD TO ENNNDDDD &gt;=[[["
2006,1,Sentiment140," finishing up this stupid project then off for fun! sundress, booze and sunshine... I love this country!"
2007,0,Sentiment140, Firefox will not start or uninstall. i hate it sometimes.
2008,0,Sentiment140, First time in a long time Wikipedia has failed me
2009,1,Sentiment140, fishing today? GO AWAY RAIN!!!
2010,0,Sentiment140,- Five in the morn and am awake wiv a migraine 
2011,0,Sentiment140, Flash lost my frisby on a roof. Sad days LOL
2012,0,Sentiment140," FML.. today sucks.. i just hope the dance will bring my soul up.. i pray, but im still sad..i hateee todayyyyyy!!! &gt;;("
2013,0,Sentiment140, folk taking about me at morning break 2day
2014,1,Sentiment140, folllow me
2015,1,Sentiment140, FOOD! 
2016,0,Sentiment140, For a minute there I was all happy thinking it was THIS Tuesday we finished. 
2017,0,Sentiment140," For the first time ever, my iPhone crashed iTunes 3 times in a row. Also crashed &quot;Apple Moble Device Helper.&quot; WTF? Apple? Twitterrific?"
2018,1,Sentiment140,"- for trish: sa right side ng reply ko, may star and arrow. click the arrow para maka-reply ka. hehehe. "
2019,0,Sentiment140, Forgot about them science exams tbh (N)
2020,1,Sentiment140, Found her JRM icons!
2021,1,Sentiment140," found my BBerry in the office, thanks God, one entire weekend without was enough!!!"
2022,0,Sentiment140, foxtell is so depressing
2023,0,Sentiment140, freaking out about the exam.
2024,1,Sentiment140,-- french test! oh gawdd.. lol  fashion show tonite!  come watch &lt;3
2025,0,Sentiment140, frenchies cheering sod. hurts my SOUL.
2026,1,Sentiment140,- fresh out the shower. I wanna go to the movies tonight 
2027,0,Sentiment140, fuck it all
2028,0,Sentiment140, fuck you 2009...
2029,0,Sentiment140, fun time. so tired. train to boston soon 
2030,1,Sentiment140,"- FUNNY - Cold nose, COLD NOSE!! - REALLLYYYY COLD NOSE - watch till end if u wana laugh  http://bit.ly/pvgtM"
2031,0,Sentiment140, funny how quick yr mood can change.
2032,0,Sentiment140, gaaaahhhhh! If I started all this....
2033,0,Sentiment140, g'bye FL crew! until dragon*con!
2034,0,Sentiment140,' GERD is acting up.  fml.
2035,0,Sentiment140, Gettin a divorce   *Str@ng3r !n my h0us3*
2036,1,Sentiment140,- getting my Battlestar fix! 
2037,0,Sentiment140," getting rid of the z28 camaro. Its a said day. If anyone wants it, come get it. Its also on ebay"
2038,1,Sentiment140,'' Gimme a hug ''  thats soooo cute :p
2039,0,Sentiment140," Girlfriend is in surgery, nothing really serious, but I hate she has to have total narcosis."
2040,0,Sentiment140, gloomy outside... pajamas all day? sounds like a plan to me.
2041,0,Sentiment140, Gmail isn't connecting on my iphone. Is gmail down?
2042,1,Sentiment140," gnight to all. oh, if you have the time, look up Marcus Schossow, he's amazing. Girls Suckcces (Dub Mix) is my personal fave "
2043,1,Sentiment140,"- go &amp; try the yummo &amp; super hot 'plecing kangkung' + ayam bakar taliwang.. **sexy food from exotic country,Indonesia "
2044,1,Sentiment140, goin to dadsssssss
2045,0,Sentiment140, going home. We all knew I would have to go home some time 
2046,0,Sentiment140, i'm getting sick. That's not good with Salkehatchie on saturday.
2047,1,Sentiment140," im giving it all to ya,"
2048,0,Sentiment140, I'm going back to sleep...